"id";"kurzbezeichnung";"name1";"name2";"name3";"betriebsnummer";"institutionskennzeichen";"betriebsnummer_datenannahmestelle";"ik_das_nutzer";"ik_das_physikalisch";"gueltig_bis";"nachfolge_bn";"version";"last_changed";"changed_from_user"
"1";"SVLFG, Landw. Krankenkasse, Hoppegarten";"SVLFG, Landwirtschaftliche Krankenkasse";"Geschäftsstelle Hoppegarten";;"01000308";"100609049";;;;NULL;NULL;"1";"2022-05-24 16:27:42";
"2";"IKK gesund plus (Ost)";"IKK gesund plus (Ost)";"Hauptverwaltung";;"01000455";"101202961";"37912580";;;NULL;NULL;"1";"2022-05-24 16:27:42";
"3";"SVLFG, Landw. Krankenkasse (ehemals Gartenbau)";"SVLFG, Landwirtschaftliche Krankenkasse";"Geschäftsstelle Kassel (ehemals Gartenbau";;"01000650";"105508890";;;;NULL;NULL;"1";"2022-05-24 16:27:42";
"4";"IKK Brandenburg und Berlin";"IKK Brandenburg und Berlin";;;"01020803";"100602360";"37912580";;;NULL;NULL;"1";"2022-05-24 16:27:42";
"5";"AOK Sachsen-Anhalt";"AOK Sachsen-Anhalt";;;"01029141";"101097008";;;;NULL;NULL;"1";"2022-05-24 16:27:42";
"6";"IKK classic";"IKK classic";"-Rechtskreis Ost und West-";;"01049203";"107202793";"37912580";;;NULL;NULL;"1";"2022-05-24 16:27:42";
"7";"BKK AIRBUS Ost in Abwicklung";"BKK AIRBUS Ost in Abwicklung";"c/o BKK BVM";;"01085834";;"35382142";;;"2004-09-30";NULL;"1";"2022-05-24 16:27:42";
"8";"BKK für Heilberufe Ost";"BKK für Heilberufe Ost";;;"01086107";;"35382142";;;"2011-12-31";NULL;"1";"2022-05-24 16:27:42";
"9";"AOK PLUS";"AOK PLUS";"Die Gesundheitskasse";"für Sachsen und Thüringen";"05174740";"107299005";"87880235";;;NULL;NULL;"1";"2022-05-24 16:27:42";
"10";"CITY BKK / Ost";"CITY BKK/Ost";"Gesch. Ber. Neue Bundesländer";;"08485918";;"35382142";;;"2011-06-30";NULL;"1";"2022-05-24 16:27:42";
"11";"SVLFG, Landw. Krankenkasse, Kiel";"SVLFG, Landwirtschaftliche Krankenkasse";"Geschäftsstelle Kiel";;"13199426";"101308719";;;;NULL;NULL;"1";"2022-05-24 16:27:42";
"12";"IKK - Die Innovationskasse";"IKK - Die Innovationskasse";"Rechtskreis West und Ost";;"14228571";"101300129";"37912580";;;NULL;NULL;"1";"2022-05-24 16:27:42";
"13";"Techniker Krankenkasse";"Techniker Krankenkasse";"-Rechtskreis West und Ost-";;"15027365";"101575519";"15451439";;;NULL;NULL;"1";"2022-05-24 16:27:42";
"14";"Braunschweiger Kasse";"Braunschweiger Kasse";;;"15029891";;"15451439";;;"1996-12-31";NULL;"1";"2022-05-24 16:27:42";
"15";"HEK";"HEK";"Hanseatische Krankenkasse";"-Hauptverwaltung-";"15031806";"101570638";"15451439";;;NULL;NULL;"1";"2022-05-24 16:27:42";
"16";"BKK AIRBUS";"BKK AIRBUS in Abwicklung";"c/o BKK BVM";;"15054079";;"35382142";;;"2004-09-30";NULL;"1";"2022-05-24 16:27:42";
"17";"Mobil Krankenkasse";"Mobil Krankenkasse";;;"15517302";"101520078";"25942967";;;NULL;NULL;"1";"2022-05-24 16:27:42";
"18";"SECURVITA BKK";"SECURVITA BKK";;;"15517482";"101320032";"35382142";;;NULL;NULL;"1";"2022-05-24 16:27:42";
"19";"pronova BKK";"pronova BKK";;;"15872672";"106492393";"35382142";;;NULL;NULL;"1";"2022-05-24 16:27:42";
"20";"AOK Bremen/Bremerhaven";"AOK Bremen/Bremerhaven";;;"20012084";"103119199";"20158137";;;NULL;NULL;"1";"2022-05-24 16:27:43";
"21";"hkk";"hkk Handelskrankenkasse";;;"20013461";"103170002";"15451439";;;NULL;NULL;"1";"2022-05-24 16:27:43";
"22";"BKK firmus";"BKK firmus";;;"20156168";"103121137";"35382142";;;NULL;NULL;"1";"2022-05-24 16:27:43";
"23";"BKK Salzgitter";"BKK Salzgitter";;;"21203214";"101922757";"35382142";;;NULL;NULL;"1";"2022-05-24 16:27:43";
"24";"BKK Public";"BKK Public";;;"21488086";"101931440";"35382142";;;NULL;NULL;"1";"2022-05-24 16:27:43";
"25";"BKK exklusiv";"BKK exklusiv";;;"22178373";"102122557";"35382142";;;NULL;NULL;"1";"2022-05-24 16:27:43";
"26";"BKK Technoform";"BKK Technoform";;;"23446040";"102031410";"35382142";;;NULL;NULL;"1";"2022-05-24 16:27:43";
"27";"BKK24";"BKK24";;;"23709856";"102122660";"35382142";;;NULL;NULL;"1";"2022-05-24 16:27:43";
"28";"BKK Jos. L. Meyer GmbH & Co.";"BKK Jos. L. Meyer GmbH & Co.";;;"24748081";;"35382142";;;"2003-09-30";NULL;"1";"2022-05-24 16:27:43";
"29";"BKK EWE";"BKK EWE";;;"26515319";"102429648";"35382142";;;NULL;NULL;"1";"2022-05-24 16:27:43";
"30";"TUI BKK";"TUI BKK";;;"29074470";"102137985";"35382142";;;NULL;NULL;"1";"2022-05-24 16:27:43";
"31";"KKH";"KKH Kaufmännische Krankenkasse";;;"29137937";"102171012";"15451439";;;NULL;NULL;"1";"2022-05-24 16:27:43";
"32";"SVLFG, Landw. Krankenkasse, Hannover";"SVLFG, Landwirtschaftliche Krankenkasse";"Geschäftsstelle Hannover";;"29147110";"102108731";;;;NULL;NULL;"1";"2022-05-24 16:27:43";
"33";"energie-BKK";"energie-BKK";"Hauptverwaltung";;"29717581";"102129930";"35382142";;;NULL;NULL;"1";"2022-05-24 16:27:43";
"34";"AOK Niedersachsen";"AOK - Die Gesundheitskasse für Niedersachsen";;;"29720865";"102114819";"29720865";;;NULL;NULL;"1";"2022-05-24 16:27:43";
"35";"BKK EUREGIO";"BKK EUREGIO";;;"30168049";"104125509";"35382142";;;NULL;NULL;"1";"2022-05-24 16:27:43";
"36";"BKK BPW Wiehl";"BKK BPW Wiehl";;;"30980327";"104626903";"35382142";;;NULL;NULL;"1";"2022-05-24 16:27:43";
"37";"Heimat Krankenkasse";"Heimat Krankenkasse";;;"31209131";"103724238";"35382142";;;NULL;NULL;"1";"2022-05-24 16:27:43";
"38";"Bertelsmann BKK";"Bertelsmann BKK";"Rechtskreis West und Ost";;"31323584";"103725342";"35382142";;;NULL;NULL;"1";"2022-05-24 16:27:43";
"39";"BKK Diakonie";"BKK Diakonie";;;"31323686";"103724294";"35382142";;;NULL;NULL;"1";"2022-05-24 16:27:43";
"40";"BKK Miele";"BKK Miele";;;"31323700";"103725364";"35382142";;;NULL;NULL;"1";"2022-05-24 16:27:43";
"41";"BKK DürkoppAdler";"BKK DürkoppAdler";;;"31323799";"103724249";"35382142";;;NULL;NULL;"1";"2022-05-24 16:27:43";
"42";"BKK GILDEMEISTER SEIDENSTICKER";"BKK GILDEMEISTER SEIDENSTICKER";;;"31323802";"103724272";"35382142";;;NULL;NULL;"1";"2022-05-24 16:27:43";
"43";"AOK NordWest";"AOK NordWest";;;"33526082";"103411401";"33526082";;;NULL;NULL;"1";"2022-05-24 16:27:43";
"44";"Continentale Betriebskrankenkasse";"Continentale Betriebskrankenkasse";;;"33865367";"103523440";"35382142";;;NULL;NULL;"1";"2022-05-24 16:27:43";
"45";"AKA";"Augenoptiker Ausgleichskasse VVaG";;;"33868451";"310564718";"37912580";;;NULL;NULL;"1";"2022-05-24 16:27:43";
"46";"AOK Rheinland/Hamburg Die Gesundheitskasse";"AOK Rheinland/Hamburg Die Gesundheitskasse";;;"34364249";"104212505";"34364249";;;NULL;NULL;"1";"2022-05-24 16:27:43";
"47";"BKK Deutsche Bank AG";"BKK Deutsche Bank AG";;;"34401277";"104224634";"35382142";;;NULL;NULL;"1";"2022-05-24 16:27:43";
"48";"BKK Düsseldorf";"BKK Düsseldorf";;;"34411020";;"35382142";;;"2001-12-31";NULL;"1";"2022-05-24 16:27:43";
"49";"NOVITAS BKK";"NOVITAS";"Betriebskrankenkasse";;"35134022";"104491707";"35382142";;;NULL;NULL;"1";"2022-05-24 16:27:43";
"50";"bkk melitta hmr";"bkk melitta hmr";;;"36916935";"103726081";"35382142";;;NULL;NULL;"1";"2022-05-24 16:27:43";
"51";"BKK VDN";"BKK VDN";;;"37416328";"103526615";"35382142";;;NULL;NULL;"1";"2022-05-24 16:27:43";
"52";"SVLFG, Landw. Krankenkasse, Münster";"SVLFG, Landwirtschaftliche Krankenkasse";"Geschäftsstelle Münster";;"39873587";"103708773";;;;NULL;NULL;"1";"2022-05-24 16:27:43";
"53";"VIACTIV Krankenkasse";"VIACTIV Krankenkasse";;;"40180080";"104526376";"25942967";;;NULL;NULL;"1";"2022-05-24 16:27:43";
"54";"BERGISCHE KRANKENKASSE";"BERGISCHE KRANKENKASSE";;;"42039708";"104926702";"35382142";;;NULL;NULL;"1";"2022-05-24 16:27:43";
"55";"BARMER";"BARMER (vormals BARMER GEK)";;;"42938966";"104940005";"15451439";;;NULL;NULL;"1";"2022-05-24 16:27:43";
"56";"BKK Werra-Meissner";"BKK Werra-Meissner";;;"44037562";"105530126";"35382142";;;NULL;NULL;"1";"2022-05-24 16:27:43";
"57";"Merck BKK";"Merck BKK";;;"44377882";"105230076";"35382142";;;NULL;NULL;"1";"2022-05-24 16:27:43";
"58";"Salus BKK";"Salus BKK";;;"44953697";"105330168";"35382142";;;NULL;NULL;"1";"2022-05-24 16:27:43";
"59";"AOK Hessen";"AOK Hessen";"Direktion";;"45118687";"105313145";"47860681";;;NULL;NULL;"1";"2022-05-24 16:27:43";
"60";"Ernst & Young BKK";"Ernst & Young BKK";;;"46939789";"105732324";"35382142";;;NULL;NULL;"1";"2022-05-24 16:27:43";
"61";"BKK Wirtschaft & Finanzen";"BKK Wirtschaft & Finanzen";;;"46967693";"105734543";"35382142";;;NULL;NULL;"1";"2022-05-24 16:27:43";
"62";"BKK Herkules";"BKK Herkules";"vorher BKK Wegmann bis 31.12.2000";;"47034953";"105530331";"35382142";;;NULL;NULL;"1";"2022-05-24 16:27:43";
"63";"BKK B. Braun Aesculap";"BKK B. Braun Aesculap";;;"47034975";;"35382142";;;NULL;NULL;"1";"2022-05-24 16:27:43";
"64";"SVLFG, Landw. Krankenkasse, Darmstadt";"SVLFG, Landwirtschaftliche Krankenkasse";"Geschäftsstelle Darmstadt";;"47068420";"105508787";;;;NULL;NULL;"1";"2022-05-24 16:27:43";
"65";"SVLFG, Landw. Krankenkasse, Kassel";"SVLFG, Landwirtschaftliche Krankenkasse";"Geschäftsstelle Kassel";;"47069693";"105508890";;;;NULL;NULL;"1";"2022-05-24 16:27:43";
"66";"BKK PwC";"BKK PwC";;;"47307817";"105723301";"35382142";;;NULL;NULL;"1";"2022-05-24 16:27:43";
"67";"KARL MAYER BKK";"KARL MAYER Betriebskrankenkasse";;;"48063096";"105330431";"35382142";;;NULL;NULL;"1";"2022-05-24 16:27:43";
"68";"BKK Linde";"BKK Linde";;;"48698889";"105830517";"35382142";;;NULL;NULL;"1";"2022-05-24 16:27:43";
"69";"DAK-Gesundheit";"DAK-Gesundheit";;;"48698890";"105830016";;;;NULL;NULL;"1";"2022-05-24 16:27:43";
"70";"R+V Betriebskrankenkasse";"R+V Betriebskrankenkasse";;;"48944809";"105823040";"35382142";;;NULL;NULL;"1";"2022-05-24 16:27:43";
"71";"BAHN-BKK";"BAHN-BKK";;;"49003443";"109938503";"35382142";;;NULL;NULL;"1";"2022-05-24 16:27:43";
"72";"BKK PFAFF";"BKK PFAFF";;;"51588416";"106431572";"35382142";;;NULL;NULL;"1";"2022-05-24 16:27:43";
"73";"AOK Rheinland-Pfalz/Saarland";"AOK Rheinland-Pfalz/Saarland";;;"51605725";"107310373";"47860681";;;NULL;NULL;"1";"2022-05-24 16:27:43";
"74";"BKK evm";"Betriebskrankenkasse der Energieversorgung";"Mittelrhein";;"51980490";"106331593";"35382142";;;NULL;NULL;"1";"2022-05-24 16:27:43";
"75";"Debeka BKK";"Debeka BKK";;;"52156763";"106329225";"35382142";;;NULL;NULL;"1";"2022-05-24 16:27:43";
"76";"BKK Pfalz";"BKK Pfalz";;;"52598579";"106431652";"35382142";;;NULL;NULL;"1";"2022-05-24 16:27:43";
"77";"IKK Südwest";"IKK Südwest";;;"55811201";"109303301";"37912580";;;NULL;NULL;"1";"2022-05-24 16:27:43";
"78";"BKK Groz-Beckert";"Betriebskrankenkasse Groz-Beckert";;;"60393261";"107835071";"35382142";;;NULL;NULL;"1";"2022-05-24 16:27:43";
"79";"BKK Scheufelen";"BKK Scheufelen";;;"61232758";"108035576";"35382142";;;NULL;NULL;"1";"2022-05-24 16:27:43";
"80";"WMF BKK";"WMF Betriebskrankenkasse";;;"61232769";"108036441";"35382142";;;NULL;NULL;"1";"2022-05-24 16:27:43";
"81";"Südzucker BKK";"Südzucker BKK";;;"62332660";"106936311";"35382142";;;NULL;NULL;"1";"2022-05-24 16:27:43";
"82";"mhplus BKK West";"mhplus Betriebskrankenkasse West";;;"63494759";"108035612";"35382142";;;NULL;NULL;"1";"2022-05-24 16:27:43";
"83";"BKK FREUDENBERG";"BKK FREUDENBERG";;;"63922962";"107036370";"35382142";;;NULL;NULL;"1";"2022-05-24 16:27:43";
"84";"BKK MTU";"BKK MTU";;;"65710574";"107835333";"35382142";;;NULL;NULL;"1";"2022-05-24 16:27:43";
"85";"vivida bkk";"vivida bkk";;;"66458477";"107536262";"35382142";;;NULL;NULL;"1";"2022-05-24 16:27:43";
"86";"BKK Schwarzwald-Baar-Heuberg";"BKK Schwarzwald-Baar-Heuberg";;;"66614249";"107531187";"35382142";;;NULL;NULL;"1";"2022-05-24 16:27:43";
"87";"BKK Rieker.RICOSTA.Weisser";"BKK Rieker.RICOSTA.Weisser";;;"66626976";"107532042";"35382142";;;NULL;NULL;"1";"2022-05-24 16:27:43";
"88";"BKK Würth";"BKK Würth";;;"67161380";"108036577";"35382142";;;NULL;NULL;"1";"2022-05-24 16:27:43";
"89";"AOK Baden-Württemberg";"AOK Baden-Württemberg";"Hauptverwaltung";;"67450665";"108018007";"64672791";;;NULL;NULL;"1";"2022-05-24 16:27:43";
"90";"BKK MAHLE";"BKK MAHLE";;;"67572537";"108036145";"35382142";;;NULL;NULL;"1";"2022-05-24 16:27:43";
"91";"BOSCH BKK";"BOSCH BKK";;;"67572593";"108036123";"35382142";;;NULL;NULL;"1";"2022-05-24 16:27:43";
"92";"SVLFG, Landw. Krankenkasse, Stuttgart";"SVLFG, Landw. Krankenkasse";"Geschäftsstelle Stuttgart";;"67574619";"108008880";;;;NULL;NULL;"1";"2022-05-24 16:27:43";
"93";"Daimler BKK/West";"Daimler Betriebskrankenkasse";;;"68216980";"108030775";"35382142";;;NULL;NULL;"1";"2022-05-24 16:27:43";
"94";"BKK ZF & Partner";"BKK ZF & Partner";;;"69753266";"107829563";"35382142";;;NULL;NULL;"1";"2022-05-24 16:27:43";
"95";"BKK VerbundPlus";"Betriebskrankenkasse";"VerbundPlus";;"69785429";"107832012";"35382142";;;NULL;NULL;"1";"2022-05-24 16:27:43";
"96";"BKK Akzo Nobel Bayern";"BKK Akzo Nobel Bayern";;;"71579930";"108833355";"35382142";;;NULL;NULL;"1";"2022-05-24 16:27:43";
"97";"SVLFG, Landw. Krankenkasse, Bayreuth";"SVLFG, Landwirtschaftliche Krankenkasse";"Geschäftsstelle Bayreuth";;"72360029";"108608820";;;;NULL;NULL;"1";"2022-05-24 16:27:43";
"98";"BKK Textilgruppe Hof";"BKK Textilgruppe Hof";;;"73170269";"108632900";"35382142";;;NULL;NULL;"1";"2022-05-24 16:27:43";
"99";"Krones BKK";"Krones BKK";;;"74157435";"108934142";"35382142";;;NULL;NULL;"1";"2022-05-24 16:27:43";
"100";"SKD BKK";"SKD BKK";;;"74773896";"108833505";"35382142";;;NULL;NULL;"1";"2022-05-24 16:27:43";
"101";"Koenig & Bauer BKK";"Koenig & Bauer BKK";;;"75925585";"108833674";"35382142";;;NULL;NULL;"1";"2022-05-24 16:27:43";
"102";"BKK Stadt Augsburg";"BKK Stadt Augsburg";;;"81211334";"109132678";"35382142";;;NULL;NULL;"1";"2022-05-24 16:27:43";
"103";"Audi BKK";"Audi BKK";"Rechtskreis West und Ost";;"82889062";"108534160";"35382142";;;NULL;NULL;"1";"2022-05-24 16:27:43";
"104";"BKK Faber-Castell & Partner";"BKK Faber-Castell & Partner";;;"86772584";"109033393";"35382142";;;NULL;NULL;"1";"2022-05-24 16:27:43";
"105";"SVLFG, Landw. Krankenkasse, Landshut";"SVLFG, Landwirtschaftliche Krankenkasse";"Geschäftsstelle Landshut";;"87119868";"109008837";;;;NULL;NULL;"1";"2022-05-24 16:27:43";
"106";"BMW BKK";"BMW BKK Zentrale";;;"87271125";"109034270";"35382142";;;NULL;NULL;"1";"2022-05-24 16:27:43";
"107";"AOK Bayern Die Gesundheitskasse";"AOK Bayern Die Gesundheitskasse";;;"87880235";"108310400";"87880235";;;NULL;NULL;"1";"2022-05-24 16:27:43";
"108";"SBK";"SBK HV West";;;"87954699";;"35382142";;;NULL;NULL;"1";"2022-05-24 16:27:43";
"109";"BKK ProVita";"BKK ProVita";;;"88571250";"108591499";"35382142";;;NULL;NULL;"1";"2022-05-24 16:27:43";
"110";"AOK Nordost";"AOK Nordost -";"Die Gesundheitskasse";;"90235319";"109519005";"01000262";;;NULL;NULL;"1";"2022-05-24 16:27:43";
"111";"CITY BKK";"CITY BKK";;;"90671580";;"35382142";;;"2011-06-30";NULL;"1";"2022-05-24 16:27:43";
"112";"BKK VBU";"BKK Verkehrsbau Union";;;"92644250";"109723913";"35382142";;;NULL;NULL;"1";"2022-05-24 16:27:43";
"113";"BKK für Heilberufe";"BKK für Heilberufe";;;"96834191";;"35382142";;;"2011-12-31";NULL;"1";"2022-05-24 16:27:43";
"114";"BIG direkt gesund";"BIG direkt gesund";;;"97141402";"103501080";"37912580";;;NULL;NULL;"1";"2022-05-24 16:27:43";
"115";"BKK Voralb";"BKK Voralb";"HELLER*INDEX*LEUZE";;"97352653";"108031424";"35382142";;;NULL;NULL;"1";"2022-05-24 16:27:43";
"116";"Knappschaft (allg. Verf. einschl. Minijobs)";"Knappschaft";"Hauptverwaltung";;"98000006";"109905003";"98000006";;;NULL;NULL;"1";"2022-05-24 16:27:43";
"117";"Knappschaft (bes. knappschaftl. Meldeverf.)";"Knappschaft";"Hauptverwaltung";;"98094032";"109905003";"98094032";;;NULL;NULL;"1";"2022-05-24 16:27:43";
"124";"BKK Axel Springer Ost (jetzt DAK-Gesundheit)";"BKK Axel Springer Ost (jetzt DAK-Gesundheit)";;;"01000353";;"15451439";;;"2013-08-31";NULL;"1";"2022-05-24 16:27:43";
"125";"Shell BKK/Life/Ost (jetzt DAK-Gesundheit)";"Shell BKK/Life/Ost (jetzt DAK-Gesundheit)";;;"01000364";;"35382142";;;"2015-09-30";NULL;"1";"2022-05-24 16:27:43";
"127";"Novitas Vereinigte BKK/Ost (bis 30.09.03)";"Novitas Vereinigte BKK/Ost (bis 30.09.03)";;;"01000581";;"35382142";;;"2003-09-30";NULL;"1";"2022-05-24 16:27:43";
"131";"BKK MAN u. MTU Ost";"BKK MAN u. MTU Ost";;;"01000707";;"35382142";;;"2011-12-31";NULL;"1";"2022-05-24 16:27:43";
"133";"Dräger & Hanse BKK/Ost";"Dräger & Hanse BKK/Ost";;;"01003276";;"25942967";;;"2011-03-31";NULL;"1";"2022-05-24 16:27:43";
"134";"BKK Rostocker Straßenbahn AG";"BKK Rostocker Straßenbahn AG";;;"01003298";;"35382142";;;"1999-10-31";NULL;"1";"2022-05-24 16:27:43";
"137";"BKK Rhein-Lahn Ost";"BKK Rhein-Lahn Ost";;;"01010286";;"35382142";;;"2007-12-31";NULL;"1";"2022-05-24 16:27:43";
"140";"UPM BKK/Ost";"UPM Betriebskrankenkasse Ost";;;"01013939";;"35382142";;;"2009-06-30";NULL;"1";"2022-05-24 16:27:43";
"142";"BKK Provita Ost";"BKK Provita Ost";;;"01018104";;"35382142";;;"2007-12-31";NULL;"1";"2022-05-24 16:27:43";
"143";"BKK HMR / Ost";"BKK Herford Minden Ravensberg";;;"01018182";;"35382142";;;"2017-06-30";NULL;"1";"2022-05-24 16:27:43";
"145";"BKK SPAR Ost";"BKK SPAR Ost";;;"01020927";;"35382142";;;"2006-03-31";NULL;"1";"2022-05-24 16:27:43";
"146";"BKK SCHWENK Ost";"BKK SCHWENK Ost";;;"01025330";;"35382142";;;"2006-12-31";NULL;"1";"2022-05-24 16:27:43";
"147";"BKK MDVH Halle";"BKK MDVH Halle";;;"01027343";;"35382142";;;"2001-12-31";NULL;"1";"2022-05-24 16:27:43";
"152";"BKK für steuerberatende und juristische Berufe Ost";"BKK für steuerberatende und juristische Berufe Ost";;;"01045948";;"35382142";;;"2003-12-31";NULL;"1";"2022-05-24 16:27:43";
"154";"Hamburg-Münchener Ost (jetzt DAK-Gesundheit)";"Hamburg-Münchener";"Krankenkasse -Bereich Ost-";;"01048918";;"15451439";;;"2009-12-31";NULL;"1";"2022-05-24 16:27:43";
"157";"BKK MEDICUS Ost";"BKK MEDICUS Ost / jetzt BKK VBU";;;"01050877";;"35382142";;;"2014-12-31";NULL;"1";"2022-05-24 16:27:43";
"165";"Volkswagen BKK Ost";"Volkswagen BKK Ost";;;"01065738";;"35382142";;;"2002-12-31";NULL;"1";"2022-05-24 16:27:43";
"166";"HZK-Krankenkasse (Ost)";"HZK-Krankenkasse für";"Bau- und Holzberufe";;"01068742";;"15451439";;;"2008-06-30";NULL;"1";"2022-05-24 16:27:43";
"167";"BKK Vorwerk & Co. KG/Ost";"BKK Vorwerk & Co. KG/Ost";;;"01068913";;"35382142";;;"2008-12-31";NULL;"1";"2022-05-24 16:27:43";
"172";"BKK Opel Eisenach";"BKK Opel Eisenach";;;"01073512";;"25942967";;;"2003-12-31";NULL;"1";"2022-05-24 16:27:43";
"173";"BKK advita/Ost";"BKK advita/Ost";;;"01075558";;"35382142";;;"2017-06-30";NULL;"1";"2022-05-24 16:27:43";
"177";"BKK BVM Ost";"BKK BVM Ost";;;"01083068";;"35382142";;;"2008-12-31";NULL;"1";"2022-05-24 16:27:44";
"179";"Neptun-Ersatzkasse (Ost)";"Neptun-Ersatzkasse (Ost)";;;"01083342";;"15451439";;;"1997-12-31";NULL;"1";"2022-05-24 16:27:44";
"181";"BKK Vereins- u. Westbank Ost";"BKK Vereins- u. Westbank Ost";;;"01083375";;"35382142";;;"2001-12-31";NULL;"1";"2022-05-24 16:27:44";
"182";"BKK Carlswerk + Bauer Druck Ost";"BKK Carlswerk + Bauer Druck Ost";;;"01083386";;"35382142";;;"2003-09-30";NULL;"1";"2022-05-24 16:27:44";
"183";"BKK IDUNA Ost";"BKK IDUNA Ost";;;"01083397";;"35382142";;;"1999-12-31";NULL;"1";"2022-05-24 16:27:44";
"184";"BKK Riedel-de Haen Ost";"Betriebskrankenkasse Riedel-de Haen Ost";"Geschäftsbereich Neue Länder";;"01083400";;"35382142";;;"2006-12-31";NULL;"1";"2022-05-24 16:27:44";
"188";"BKK Breuninger Ost";"BKK Breuninger Ost";;;"01084968";;"35382142";;;"1999-09-30";NULL;"1";"2022-05-24 16:27:44";
"189";"FORTISNOVA BKK Ost";"FORTISNOVA BKK Ost";;;"01085004";;"35382142";;;"2007-06-30";NULL;"1";"2022-05-24 16:27:44";
"192";"SAINT-GOBAIN BKK/Ost (jetzt DAK-Gesundheit)";"SAINT-GOBAIN BKK/Ost (jetzt DAK-Gesundheit)";;;"01085048";;"15451439";;;"2012-12-31";NULL;"1";"2022-05-24 16:27:44";
"193";"BAYER BKK Ost";"BAYER BKK Ost";;;"01085059";;"35382142";;;"2007-06-30";NULL;"1";"2022-05-24 16:27:44";
"194";"BKK Braun-Gillette Ost";"BKK Braun-Gillette Ost";;;"01085082";;"35382142";;;"2016-12-31";NULL;"1";"2022-05-24 16:27:44";
"196";"BKK MEM";"BKK MEM";;;"01085106";;"35382142";;;"2017-12-31";NULL;"1";"2022-05-24 16:27:44";
"198";"BKK KM/Ost";"BKK KM/Ost";"Hauptgeschäftsstelle";;"01085128";;"35382142";;;"2003-09-30";NULL;"1";"2022-05-24 16:27:44";
"200";"SEL BKK Ost";"SEL BKK Ost";;;"01085208";;"35382142";;;"2006-12-31";NULL;"1";"2022-05-24 16:27:44";
"201";"Vereinigte BKK/ Ost";"Vereinigte BKK/ Ost";;;"01085219";;"35382142";;;"2016-12-31";NULL;"1";"2022-05-24 16:27:44";
"205";"BKK VICTORIA D.A.S. Ost";"BKK VICTORIA D.A.S. Ost";;;"01085399";;"35382142";;;"2014-12-31";NULL;"1";"2022-05-24 16:27:44";
"210";"BKK Chemie-Partner Ost";"BKK Chemie-Partner Ost";;;"01085479";;"35382142";;;"2003-12-31";NULL;"1";"2022-05-24 16:27:44";
"215";"numIKK Ost (jetzt SIGNAL IDUNA IKK)";"numIKK (jetzt SIGNAL IDUNA IKK)";"Kassenbezirk OST/ Erstreckungskasse";;"01085549";;"37912580";;;"2010-09-30";NULL;"1";"2022-05-24 16:27:44";
"218";"BKK Iveco Magirus AG Ost";"BKK Iveco Magirus AG Ost";;;"01085572";;"35382142";;;"2004-03-31";NULL;"1";"2022-05-24 16:27:44";
"220";"Vaillant BKK/Ost";"Vaillant BKK/Ost";;;"01085594";;"35382142";;;"2015-09-30";NULL;"1";"2022-05-24 16:27:44";
"222";"Kaisers BKK Ost";"Kaisers BKK Ost";;;"01085618";;"35382142";;;"2007-12-31";NULL;"1";"2022-05-24 16:27:44";
"223";"ESSO BKK Ost";"ESSO BKK Ost";;;"01085629";;"35382142";;;"2014-12-31";NULL;"1";"2022-05-24 16:27:44";
"224";"BKK der Partner";"BKK der Partner";;;"01085721";;"35382142";;;"2010-06-30";NULL;"1";"2022-05-24 16:27:44";
"225";"BKK Rhein-Sieg Ost";"BKK Rhein-Sieg Ost";;;"01085743";;"35382142";;;"2004-12-31";NULL;"1";"2022-05-24 16:27:44";
"227";"KarstadtQuelle BKK Ost";"KarstadtQuelle BKK Ost";"Gst. Halle";;"01085765";;"35382142";;;"2003-12-31";NULL;"1";"2022-05-24 16:27:44";
"232";"BKK Rheinland Ost";"BKK Rheinland Ost";;;"01085867";;"35382142";;;"2007-12-31";NULL;"1";"2022-05-24 16:27:44";
"235";"PBK -Ost-";"Die Persönliche Betriebskrankenkasse -Ost-";;;"01085925";;"35382142";;;"2008-12-31";NULL;"1";"2022-05-24 16:27:44";
"240";"BKK Döllken Ost";"BKK Döllken Ost";;;"01086005";;"35382142";;;"1999-12-31";NULL;"1";"2022-05-24 16:27:44";
"243";"G+H-BKK/Ost";"G+H-BKK/Ost";;;"01086049";;"35382142";;;"2008-12-31";NULL;"1";"2022-05-24 16:27:44";
"245";"BKK Mercedes-Benz Ost";"BKK Mercedes-Benz Ost";;;"01086061";;"35382142";;;"2001-06-30";NULL;"1";"2022-05-24 16:27:44";
"250";"BKK Ford & Rheinland/Ost";"BKK Ford & Rheinland/Ost";;;"01086141";;"35382142";;;"2009-12-31";NULL;"1";"2022-05-24 16:27:44";
"251";"BKK Demag Krauss-Maffei Ost";"BKK Demag Krauss-Maffei Ost";;;"01086163";;"35382142";;;"2015-12-31";NULL;"1";"2022-05-24 16:27:44";
"252";"ktpBKK Ost";"ktpBKK Ost";;;"01086185";;"35382142";;;"2010-03-31";NULL;"1";"2022-05-24 16:27:44";
"255";"BKK (Ost) - SIGNAL IDUNA IKK Ost";"BKK - SIGNAL IDUNA IKK Ost";"vormals SIGNAL IDUNA BKK - Ost";"Gesch.Ber.Neue Bundesländer";"01086232";;"35382142";;;"2009-01-31";NULL;"1";"2022-05-24 16:27:44";
"257";"BKK Aktiv/Ost (bis 31.12.2002)";"BKK Aktiv/Ost (bis 31.12.2002)";;;"01086276";;"35382142";;;"2002-12-31";NULL;"1";"2022-05-24 16:27:44";
"258";"NÜRNBERGER BKK Ost";"NÜRNBERGER BKK Ost";;;"01086298";;"35382142";;;"2003-07-31";NULL;"1";"2022-05-24 16:27:44";
"260";"actimonda krankenkasse";"actimonda krankenkasse";;;"01086312";"104629688";"35382142";;;"2017-06-30";NULL;"1";"2022-05-24 16:27:44";
"265";"NOVITAS Vereinigte BKK/Ost - ungültig -";"NOVITAS Vereinigte BKK/Ost - ungültig -";;;"03347834";;"35382142";;;"2003-10-01";NULL;"1";"2022-05-24 16:27:44";
"266";"BAVARIA BKK/Ost";"BAVARIA BKK/Ost";;;"03446429";;;;;"2006-12-31";NULL;"1";"2022-05-24 16:27:44";
"272";"BKK DD+V";"BKK DD+V";;;"05005250";;"35382142";;;"2000-12-31";NULL;"1";"2022-05-24 16:27:44";
"273";"BKK Goetze & Partner Ost";"BKK Goetze & Partner Ost";;;"05010510";;"35382142";;;"2009-12-31";NULL;"1";"2022-05-24 16:27:44";
"276";"BKK NEUN PLUS Ost";"BKK NEUN PLUS Ost";;;"05302250";;"35382142";;;"2005-06-30";NULL;"1";"2022-05-24 16:27:44";
"284";"GBK KOELN-OST";"GBK KOELN-OST";;;"08104688";;"35382142";;;"2009-12-31";NULL;"1";"2022-05-24 16:27:44";
"289";"KEH Ersatzkasse";"KEH Ersatzkasse";"Rechtskreis Ost";;"08512853";;"35382142";;;"2007-12-31";NULL;"1";"2022-05-24 16:27:44";
"296";"Buchdrucker-Krankenkasse";"Buchdrucker-Krankenkasse";"Hannover (Ersatzkasse";"Rechtskreis Ost";"09458198";;"15451439";;;"2001-12-31";NULL;"1";"2022-05-24 16:27:44";
"305";"BKK AHLMANN";"BKK AHLMANN";;;"13965709";;"35382142";;;"2009-12-31";NULL;"1";"2022-05-24 16:27:44";
"307";"BKK salvina";"Betriebskrankenkasse salvina";;;"14116332";;"35382142";;;"2011-04-30";NULL;"1";"2022-05-24 16:27:44";
"308";"BKK IDUNA";"BKK IDUNA";;;"15017302";;"35382142";;;"1999-12-31";NULL;"1";"2022-05-24 16:27:44";
"309";"HZK-Krankenkasse (West)";"HZK-Krankenkasse für";"Bau- und Holzberufe";;"15031281";;"15451439";;;"2008-06-30";NULL;"1";"2022-05-24 16:27:44";
"315";"Neptun-Ersatzkasse (West)";"Neptun-Ersatzkasse";;;"15074853";;"15451439";;;"1997-12-31";NULL;"1";"2022-05-24 16:27:44";
"318";"BKK Blohm+Voss";"BKK Blohm+Voss";;;"15517277";;"35382142";;;"2006-12-31";NULL;"1";"2022-05-24 16:27:44";
"328";"BKK Hermes";"BKK Hermes";;;"16397504";;"35382142";;;"1999-06-30";NULL;"1";"2022-05-24 16:27:44";
"331";"BKK Vereins- u. Westbank";"BKK Vereins- u. Westbank";;;"16752613";;"35382142";;;"2001-12-31";NULL;"1";"2022-05-24 16:27:44";
"335";"numIKK West (jetzt SIGNAL IDUNA IKK)";"numIKK West (jetzt SIGNAL IDUNA IKK)";"Kassenbezirk WEST";;"19107656";;"37912580";;;"2010-09-30";NULL;"1";"2022-05-24 16:27:44";
"343";"BKK Hapag-Lloyd Bremen";"BKK Hapag-Lloyd Bremen";;;"20157476";;"35382142";;;"2001-12-31";NULL;"1";"2022-05-24 16:27:45";
"346";"IKK Braunschweig";"IKK Braunschweig";;;"21180386";;"37912580";;;"2004-04-30";NULL;"1";"2022-05-24 16:27:45";
"350";"BKK Bohlen & Doyen GmbH";"BKK Bohlen & Doyen GmbH";;;"22632750";;;;;"2002-03-31";NULL;"1";"2022-05-24 16:27:45";
"351";"IKK Herzberg (West)";"IKK Herzberg (West)";;;"23141268";;"37912580";;;"2000-04-30";NULL;"1";"2022-05-24 16:27:45";
"352";"IKK Südniedersachsen (West)";"IKK Südniedersachsen";"Eichsfeld (West";;"23189481";;"37912580";;;"1999-09-30";NULL;"1";"2022-05-24 16:27:45";
"353";"BKK Schleicher u.Schüll";"BKK Schleicher u.Schüll";;;"23208473";;"35382142";;;"2005-12-31";NULL;"1";"2022-05-24 16:27:45";
"354";"BKK Gothaer Versicherung";"BKK Gothaer Versicherung";;;"23212561";;"35382142";;;"2001-12-31";NULL;"1";"2022-05-24 16:27:45";
"355";"IKK Westfalen";"IKK Westfalen";"RD Weserbergland";;"23608137";;"37912580";;;"2002-12-31";NULL;"1";"2022-05-24 16:27:45";
"356";"Volkswagen BKK";"Volkswagen BKK";;;"24111709";;"35382142";;;"2002-12-31";NULL;"1";"2022-05-24 16:27:45";
"359";"BKK UPM Nordland Papier";"BKK UPM Nordland Papier";;;"24841030";;"35382142";;;"2005-12-31";NULL;"1";"2022-05-24 16:27:45";
"367";"IKK Westfalen";"IKK Westfalen";"RD Rotenburg";;"27757444";;"37912580";;;"2002-12-31";NULL;"1";"2022-05-24 16:27:45";
"369";"Buchdrucker-Krankenkasse";"Buchdrucker-Krankenkasse";"Hannover (Ersatzkasse";;"29079879";;"15451439";;;"2003-12-31";NULL;"1";"2022-05-24 16:27:45";
"372";"BKK Riedel-de Haen";"Betriebskrankenkasse Riedel-de Haen";;;"29212508";;"35382142";;;"2006-12-31";NULL;"1";"2022-05-24 16:27:45";
"374";"BKK NEUN PLUS";"BKK NEUN PLUS";;;"29717901";;"35382142";;;"2005-06-30";NULL;"1";"2022-05-24 16:27:45";
"382";"BKK Westfalia Separator";"BKK Westfalia Separator";;;"30654082";;"35382142";;;"2001-06-30";NULL;"1";"2022-05-24 16:27:45";
"386";"BKK Steinmüller";"BKK Steinmüller";;;"30980270";;"35382142";;;"1999-12-31";NULL;"1";"2022-05-24 16:27:45";
"387";"BKK Schmidt + Clemens";"BKK Schmidt + Clemens";;;"30980281";;"35382142";;;"2000-09-30";NULL;"1";"2022-05-24 16:27:45";
"391";"BKK BOGESTRA BOCHUM";"BKK BOGESTRA BOCHUM";;;"31701800";;"35382142";;;"2000-03-31";NULL;"1";"2022-05-24 16:27:45";
"396";"BKK Mannstaedt-Werke";"BKK der Mannstaedt-Werke";;;"32124039";;"35382142";;;"2001-09-30";NULL;"1";"2022-05-24 16:27:45";
"398";"BKK Rhein-Sieg";"BKK Rhein-Sieg";;;"32144033";;"35382142";;;"2004-12-31";NULL;"1";"2022-05-24 16:27:45";
"403";"BKK für steuerberatende und juristische Berufe";"BKK für steuerberatende und juristische Berufe";;;"32871329";;"35382142";;;"2003-12-31";NULL;"1";"2022-05-24 16:27:45";
"405";"BKK Dortmunder Stadtwerke";"BKK Dortmunder Stadtwerke";;;"33410094";;"35382142";;;"2001-12-31";NULL;"1";"2022-05-24 16:27:45";
"410";"BKK Schoeller Textil";"BKK Schoeller Textil";;;"33954957";;"35382142";;;"2001-06-30";NULL;"1";"2022-05-24 16:27:45";
"413";"Deutsche BKK";"Deutsche BKK (ehem. BKK Essanelle)";;;"34369034";;;;;"2015-04-30";NULL;"1";"2022-05-24 16:27:45";
"415";"BKK FPB HOLDING AG";"BKK FPB HOLDING AG";;;"34410848";;"35382142";;;"1999-12-31";NULL;"1";"2022-05-24 16:27:45";
"416";"BKK A. Bagel";"BKK A. Bagel";;;"34411031";;"35382142";;;"2004-12-31";NULL;"1";"2022-05-24 16:27:45";
"422";"BKK EVS";"BKK EVS";;;"35087634";;"35382142";;;"2005-12-31";NULL;"1";"2022-05-24 16:27:45";
"432";"BKK Döllken";"BKK Döllken";;;"35432994";;"35382142";;;"1999-12-31";NULL;"1";"2022-05-24 16:27:45";
"440";"BKK Schwelmer Eisenwerk";"BKK Schwelmer Eisenwerk";;;"36308600";;"35382142";;;"2002-12-31";NULL;"1";"2022-05-24 16:27:45";
"441";"INOVITA BKK";"INOVITA BKK";;;"36308622";;"35382142";;;"2009-12-31";NULL;"1";"2022-05-24 16:27:45";
"443";"BKK WDI";"BKK WDI";;;"36676504";;"35382142";;;"2001-12-31";NULL;"1";"2022-05-24 16:27:45";
"445";"BKK Lafarge Dachsysteme";"BKK Lafarge Dachsysteme";;;"36916946";;"35382142";;;"2008-12-31";NULL;"1";"2022-05-24 16:27:45";
"447";"BKK Alcan Deutschland (ungültig ab 30.06.01)";"BKK Alcan Deutschland (ungültig ab 30.06.01)";;;"37414827";;"35382142";;;"2001-06-30";NULL;"1";"2022-05-24 16:27:45";
"453";"BKK hde Metallwerk GmbH";"BKK hde Metallwerk GmbH";;;"37416271";;"35382142";;;"1999-06-30";NULL;"1";"2022-05-24 16:27:45";
"454";"BKK Kissing GmbH";"BKK Kissing GmbH";;;"37416293";;"35382142";;;"2001-09-30";NULL;"1";"2022-05-24 16:27:45";
"455";"BKK BERG/REYNOLDS";"BKK BERG/REYNOLDS";;;"37416306";;"35382142";;;"2002-05-31";NULL;"1";"2022-05-24 16:27:45";
"457";"BKK Carlswerk + Bauer Druck";"BKK Carlswerk + Bauer Druck";;;"37812636";;"35382142";;;"2003-09-30";NULL;"1";"2022-05-24 16:27:45";
"461";"BKK LV Rheinland";"BKK LV Rheinland";;;"38029285";;"35382142";;;"2005-03-31";NULL;"1";"2022-05-24 16:27:45";
"465";"BKK Köln. Verlagsdruckerei";"BKK Köln. Verlagsdruckerei";;;"38036137";;"35382142";;;"2005-06-30";NULL;"1";"2022-05-24 16:27:45";
"466";"BKK Schütte";"BKK Schütte";;;"38036444";;"35382142";;;"2005-06-30";NULL;"1";"2022-05-24 16:27:45";
"468";"BKK Walther & Cie";"BKK Walther & Cie";;;"38036525";;"35382142";;;"2002-12-31";NULL;"1";"2022-05-24 16:27:45";
"469";"AXA BKK";"AXA BKK";;;"38444380";;"35382142";;;"2002-12-31";NULL;"1";"2022-05-24 16:27:45";
"473";"BKK Busch Bestwig";"BKK Busch Bestwig";;;"39142116";;"35382142";;;"2002-12-31";NULL;"1";"2022-05-24 16:27:46";
"484";"BKK Thomas";"BKK Thomas";;;"41378488";;"35382142";;;"2003-12-31";NULL;"1";"2022-05-24 16:27:46";
"485";"BKK Waldrich Siegen";"BKK Waldrich Siegen";;;"41378536";;"35382142";;;"2007-12-31";NULL;"1";"2022-05-24 16:27:46";
"486";"BKK Bombardier";"BKK Bombardier";;;"41378547";;"35382142";;;"2003-05-31";NULL;"1";"2022-05-24 16:27:46";
"494";"Brühler Krankenkasse";"Brühler Krankenkasse";"Solingen";;"42021230";;"15451439";;;"2003-12-31";NULL;"1";"2022-05-24 16:27:46";
"496";"BKK EC Erdölchemie";"BKK EC Erdölchemie";;;"42038206";;"35382142";;;"1999-06-30";NULL;"1";"2022-05-24 16:27:46";
"497";"BKK Klingelnberg Söhne";"BKK Klingelnberg Söhne";;;"42039571";;"35382142";;;"2001-06-30";NULL;"1";"2022-05-24 16:27:46";
"500";"BKK Zwilling";"BKK Zwilling";;;"42039651";;"35382142";;;"2003-12-31";NULL;"1";"2022-05-24 16:27:46";
"511";"BKK DELPHI";"BKK DELPHI";;;"42954411";;"35382142";;;"2008-03-31";NULL;"1";"2022-05-24 16:27:46";
"512";"IKK Südhessen";"IKK Südhessen";"Hauptverwaltung";;"44253360";;"37912580";;;"2000-12-31";NULL;"1";"2022-05-24 16:27:46";
"514";"BKK Schenck";"BKK Schenck";;;"44377893";;"35382142";;;"2001-06-30";NULL;"1";"2022-05-24 16:27:46";
"516";"BKK ENKA";"BKK ENKA";;;"44388738";;"35382142";;;"2010-12-31";NULL;"1";"2022-05-24 16:27:46";
"520";"BANK BKK";"BANK BKK";;;"45094246";;"35382142";;;"2010-09-30";NULL;"1";"2022-05-24 16:27:46";
"524";"BKK Kassel regional";"BKK Kassel regional";;;"46910805";;"35382142";;;"2001-12-31";NULL;"1";"2022-05-24 16:27:46";
"526";"Gothaer BKK";"Gothaer BKK";"Gothaer Betriebskrankenkasse";;"47034931";;;;;"2008-09-30";NULL;"1";"2022-05-24 16:27:46";
"528";"IKK Rhein-Main";"IKK Rhein-Main";"Hauptverwaltung";;"48065190";;"37912580";;;"2000-12-31";NULL;"1";"2022-05-24 16:27:46";
"529";"IKK für Nord- und Mittelhessen";"IKK für Nord- und Mittelhessen";"Hauptverwaltung";;"48324206";;"37912580";;;"2000-12-31";NULL;"1";"2022-05-24 16:27:46";
"535";"IKK Baden Württemberg und Hessen";"IKK Baden Württemberg und Hessen";"Landesdirektion Hessen";;"48742036";;"37912580";;;"2006-09-30";NULL;"1";"2022-05-24 16:27:46";
"536";"BKK MICHELIN";"BKK MICHELIN";;;"51314507";;"35382142";;;"2001-06-30";NULL;"1";"2022-05-24 16:27:46";
"542";"AdvitaBKK";"AdvitaBKK";;;"52623109";;"35382142";;;"2008-12-31";NULL;"1";"2022-05-24 16:27:46";
"637";"Betriebskrankenkasse Oechsler";"Betriebskrankenkasse Oechsler";;;"71163767";;"35382142";;;"2007-12-31";NULL;"1";"2022-05-24 16:27:47";
"643";"BKK Waldrich Coburg";"BKK Waldrich Coburg";;;"72771151";;"35382142";;;"2007-12-31";NULL;"1";"2022-05-24 16:27:47";
"646";"BKK Schoedel";"BKK Schoedel";;;"73170350";;"35382142";;;"2001-12-31";NULL;"1";"2022-05-24 16:27:47";
"653";"IKK Oberpfalz-Niederbayern";"IKK Oberpfalz-Niederbayern";"Regionaldirektion Oberpfalz-Niederbayern";;"74256566";;"37912580";;;"1999-10-31";NULL;"1";"2022-05-24 16:27:47";
"656";"BKK Oberpfalz";"BKK Oberpfalz";;;"74373313";;"35382142";;;"2000-06-30";NULL;"1";"2022-05-24 16:27:47";
"662";"BKK Seltmann Weiden";"BKK Seltmann Weiden";;;"75144524";;"35382142";;;"2000-03-31";NULL;"1";"2022-05-24 16:27:47";
"671";"BKK Provita";"BKK Provita";;;"76756082";;"35382142";;;"2007-12-31";NULL;"1";"2022-05-24 16:27:47";
"674";"IKK Franken";"IKK Franken";"Regionaldirektion Franken";;"77427876";;"37912580";;;"1999-10-31";NULL;"1";"2022-05-24 16:27:47";
"682";"IKK Schwaben";"IKK Schwaben";"Regionaldirektion Schwaben";;"81556201";;"37912580";;;"1999-10-31";NULL;"1";"2022-05-24 16:27:47";
"689";"BKK Akzent";"BKK Akzent";;;"82740245";;"35382142";;;"2005-12-31";NULL;"1";"2022-05-24 16:27:47";
"709";"BKK OBAG AG";"BKK OBAG AG";;;"87356456";;"35382142";;;"1999-12-31";NULL;"1";"2022-05-24 16:27:47";
"720";"BKK Volkhardt";"BKK Volkhardt";;;"87954757";;"35382142";;;"2002-06-30";NULL;"1";"2022-05-24 16:27:47";
